"Component","Tags","Link","File"
"Android Status Bar","Android Status Bar, андроид статусбар, statusbar, статусбар, android, андроид, top, верх, info, информация, time, время, battery, батарея, signal, сигнал, notification, уведомление, mobile, мобильный, bar, панель, system, системный","https://www.figma.com/file/7V4UQ61IVRxGArYZ20n7MH?node-id=1324%3A1365","App Components"
"Control List","control list, контрол лист, checkbox, чекбокс, radio, радио, select, выбор, option, опция, form, форма, settings, настройки, list, список","https://www.figma.com/file/7V4UQ61IVRxGArYZ20n7MH?node-id=43837%3A258236","App Components"
"Swipeable Button","button, кнопка, swipe, свайп, unlock, разблокировка, action, действие, confirm, подтверждение, slide, сдвиг, safety, безопасность","https://www.figma.com/file/7V4UQ61IVRxGArYZ20n7MH?node-id=75306%3A301576","App Components"
"Gosuslugi Button","button, кнопка, gosuslugi, госуслуги, auth, авторизация, login, вход","https://www.figma.com/file/7V4UQ61IVRxGArYZ20n7MH?node-id=176477%3A558351","App Components"
"Icon Button","button, кнопка, icon, иконка, action, действие, tap, тап, control, управление","https://www.figma.com/file/7V4UQ61IVRxGArYZ20n7MH?node-id=255322%3A4869","App Components"
"Badge","badge, бейдж, tag, тег, label, лейбл, status, статус, mark, метка","https://www.figma.com/file/7V4UQ61IVRxGArYZ20n7MH?node-id=47499%3A424465","App Components"
"Passcode Old Code","Passcode old Code, старый код, пасс код, пин код, passcode, пароль, auth, аутентификация, security, безопасность, pin, пинкод, lock, блокировка, protection, защита, access, доступ, verification, проверка","https://www.figma.com/file/7V4UQ61IVRxGArYZ20n7MH?node-id=125563%3A4255","App Components"
"Outgoing","outgoing, исходящие, message, сообщение, chat, чат, bubble, бабл","https://www.figma.com/file/7V4UQ61IVRxGArYZ20n7MH?node-id=14332%3A177","App Components"
"Input","input, ввод, text, текст, form, форма, field, поле, type","https://www.figma.com/file/7V4UQ61IVRxGArYZ20n7MH?node-id=80898%3A476250","App Components"
"Navbar 2.0 Profile/Complete","Navbar profile, профиль, нав бар, nav bar, navbar, навбар, navigation, навигация, menu, меню, header, шапка, top, верх, bar, панель, tabs, табы, account, аккаунт","https://www.figma.com/file/7V4UQ61IVRxGArYZ20n7MH?node-id=152868%3A162660","App Components"
"Card Background","card, карточка","https://www.figma.com/file/7V4UQ61IVRxGArYZ20n7MH?node-id=3444%3A1033","App Components"
"iOS Keyboard","keyboard, клавиатура, ios, айос, input, ввод, type, печатать, mobile, мобильный, virtual, виртуальная, layout, раскладка, system, системный, клава","https://www.figma.com/file/7V4UQ61IVRxGArYZ20n7MH?node-id=3251%3A685","App Components"
"Pagination Dots Clip","Pagination Dots Clip, чип пагинации, pagination, пагинация, dots, точки, indicator, индикатор, navigation, навигация, slider, слайдер, swipe, свайп","https://www.figma.com/file/7V4UQ61IVRxGArYZ20n7MH?node-id=250546%3A9014","App Components"
"Secondary Title 2.0","Secondary Title, вторичный тайтл, h2, title, заголовок, section, секция, subheader, подзаголовок","https://www.figma.com/file/7V4UQ61IVRxGArYZ20n7MH?node-id=76647%3A297946","App Components"
"Cell","cell, ячейка, list, список, item, элемент, row, строка, table, таблица, data, данные","https://www.figma.com/file/7V4UQ61IVRxGArYZ20n7MH?node-id=41573%3A266816","App Components"
"List Checkbox","List Checkbox, лист чекбокс, checkbox, чекбокс, option, опция, select, выбор, контрол, on, off, вкл, выкл, галочка","https://www.figma.com/file/7V4UQ61IVRxGArYZ20n7MH?node-id=1462%3A42","App Components"
"Choice Chip Menu","Choice Chip Menu, чип выбора, чип меню, чип с дропдауном, chip, чип, choice, выбор, toggle, переключатель, selector, селектор, option, опция, filter, фильтр, menu, меню","https://www.figma.com/file/7V4UQ61IVRxGArYZ20n7MH?node-id=114202%3A473214","App Components"
"Cell Button Icon on Bg 2.0","button, кнопка, cell, ячейка, action, действие, tap, тап, select, выбор","https://www.figma.com/file/7V4UQ61IVRxGArYZ20n7MH?node-id=115759%3A489768","App Components"
"Separator","separator, разделитель, divider, линия, split, разделение, border, граница, line, черта","https://www.figma.com/file/7V4UQ61IVRxGArYZ20n7MH?node-id=1684%3A5","App Components"
"Primary Title 2.0","Primary Title, праймари тайтл, главный заголовок, h1, title, заголовок, header, шапка, section, секция, heading","https://www.figma.com/file/7V4UQ61IVRxGArYZ20n7MH?node-id=76647%3A297698","App Components"
"Icon Button Set Blur Large 2.0","button, кнопка, icon, иконка, group, группа, set, набор, choice, выбор, selector, селектор, blur, размытый","https://www.figma.com/file/7V4UQ61IVRxGArYZ20n7MH?node-id=116237%3A480124","App Components"
"Spacing","spacing, отступ, padding, margin, space, пространство, gap, промежуток, whitespace","https://www.figma.com/file/7V4UQ61IVRxGArYZ20n7MH?node-id=10563%3A4795","App Components"
"Switch 2.0","switch, переключатель, toggle, вкл, выкл, on, off, включение, option, опция, state, состояние, binary, двоичный","https://www.figma.com/file/7V4UQ61IVRxGArYZ20n7MH?node-id=87004%3A305968","App Components"
"iOS Notification","iOS Notification, иос нотификация, notification, уведомление, ios, айос, alert, алерт, message, сообщение, popup, всплывашка, badge, бейдж, reminder, напоминание, push, пуш, event, событие, attention, внимание, system, системный","https://www.figma.com/file/7V4UQ61IVRxGArYZ20n7MH?node-id=3253%3A85","App Components"
"Numbered List","Numbered List, намберед лист, list, список, numbered, нумерованный, ordered, порядковый, sequence, последовательность, steps, шаги, instructions, инструкции","https://www.figma.com/file/7V4UQ61IVRxGArYZ20n7MH?node-id=45565%3A421982","App Components"
"Navbar 2.0 Profile/Lite","Navbar profile, профиль, нав бар, nav bar, navbar, навбар, navigation, навигация, menu, меню, header, шапка, top, верх, bar, панель, tabs, табы, account, аккаунт","https://www.figma.com/file/7V4UQ61IVRxGArYZ20n7MH?node-id=152868%3A162648","App Components"
"Dropdown Label Inside","Dropdown Label Inside, дропдаун лейбл, дропдаун с лейблом, dropdown, выпадающийсписок, select, выбор, menu, меню, list, список, option, опция, filter, фильтр, form, форма","https://www.figma.com/file/7V4UQ61IVRxGArYZ20n7MH?node-id=80925%3A301522","App Components"
"Cell with Stepper","Cell with Stepper, ячейка со степпером, целл степпер, cell, ячейка, stepper, степпер, counter, счетчик, number, число, adjust, регулировка","https://www.figma.com/file/7V4UQ61IVRxGArYZ20n7MH?node-id=1865%3A21","App Components"
"Modal Card Data 2.0","Modal Card Data, модалка, инпут, модалка с вводом, modal, модальное, card, карточка, dialog, диалог, popup, всплывашка, alert, оповещение, interrupt, прерывание, action, действие, attention, внимание","https://www.figma.com/file/7V4UQ61IVRxGArYZ20n7MH?node-id=76608%3A305491","App Components"
"Modal Select w Chips 2.0","Modal Select w Chips, модалка, modal, модальное, select, выбор, picker, селектор, option, опция, multiselect, множественныйвыбор, uniselect, одиночныйвыбор, list, список, form, форма, choice, interactive, интерактив, dropdown, выпадающийсписок, чипсы, chips","https://www.figma.com/file/7V4UQ61IVRxGArYZ20n7MH?node-id=119907%3A511890","App Components"
"Modal Page Сustom 2.0","Modal Page Сustom, модалка кастомная, модалка, modal, модальное, overlay, оверлей, popup, всплывашка, attention, внимание, dialog, диалог","https://www.figma.com/file/7V4UQ61IVRxGArYZ20n7MH?node-id=107604%3A327561","App Components"
"Overlay","overlay, оверлей, dim, затемнение","https://www.figma.com/file/7V4UQ61IVRxGArYZ20n7MH?node-id=183379%3A49272","App Components"
"Overlay Blur","overlay, оверлей, blur, размытие, background, фон, dim, затемнение","https://www.figma.com/file/7V4UQ61IVRxGArYZ20n7MH?node-id=107604%3A542371","App Components"
"Section Description","Section Description, описание секции, description, описание, section, секция, info, информация, details, детали, caption, подпись, explanation, пояснение","https://www.figma.com/file/7V4UQ61IVRxGArYZ20n7MH?node-id=1684%3A6","App Components"
"Info","chat, чат, info, инфо, заглушка, ожидание, оператор","https://www.figma.com/file/7V4UQ61IVRxGArYZ20n7MH?node-id=14326%3A10482","App Components"
"Toast","toast, уведомление, notification, оповещение, alert, тревога, message, сообщение, popup, всплывашка, temporary, временное, feedback, фидбек, status, статус, тост","https://www.figma.com/file/7V4UQ61IVRxGArYZ20n7MH?node-id=1956%3A278","App Components"
"Modal Card Picker 2.0","Modal Card Picker, датапикер, выбор даты, модалка, modal, модальное, card, карточка, picker, выбор, date, дата, time, время, scroll, скролл, select, option, опция, list, список, wheel, барабан","https://www.figma.com/file/7V4UQ61IVRxGArYZ20n7MH?node-id=76608%3A306009","App Components"
"Calendar Plain 2.0","Calendar Plain, календарь плейн, calendar, календарь, date, дата, picker, выбор, day, день, schedule, расписание, plan, план, event, событие, select, single, одиночный","https://www.figma.com/file/7V4UQ61IVRxGArYZ20n7MH?node-id=117529%3A485776","App Components"
"Status Badge","Status badge, статус бейдж, badge, бейдж, status, статус, state, состояние, indicator, индикатор, label, лейбл","https://www.figma.com/file/7V4UQ61IVRxGArYZ20n7MH?node-id=250498%3A4526","App Components"
"iOS Status Bar","iOS Status Bar, иос статусбар, statusbar, статусбар, ios, айос, top, верх, info, информация, time, время, battery, батарея, signal, сигнал, notification, уведомление, mobile, мобильный, bar, панель, system, системный","https://www.figma.com/file/7V4UQ61IVRxGArYZ20n7MH?node-id=1324%3A1329","App Components"
"Day","chat, чат, день, day, today, сегодня","https://www.figma.com/file/7V4UQ61IVRxGArYZ20n7MH?node-id=14326%3A10484","App Components"
"Icon Button Set Blur Medium 2.0","button, кнопка, icon, иконка, group, группа, set, набор, choice, выбор, selector, селектор, blur, размытый","https://www.figma.com/file/7V4UQ61IVRxGArYZ20n7MH?node-id=116237%3A480107","App Components"
"Context Menu","Context Menu, контекстное меню, menu, меню, context, контекст, action, действие, list, список, option, опция, select, выбор, navigation, навигация","https://www.figma.com/file/7V4UQ61IVRxGArYZ20n7MH?node-id=15444%3A230687","App Components"
"Icon Button Set Alternative","button, кнопка, icon, иконка, group, группа, choice, выбор, selector, селектор, alternative, альтернативный","https://www.figma.com/file/7V4UQ61IVRxGArYZ20n7MH?node-id=116237%3A480174","App Components"
"Pagination Dots Alternative","Pagination Dots Alternative, пагинация альтернативная, пагинация другая, pagination, пагинация, dots, точки, indicator, индикатор, navigation, навигация, slider, слайдер, swipe, свайп","https://www.figma.com/file/7V4UQ61IVRxGArYZ20n7MH?node-id=250546%3A9011","App Components"
"iOS Home Indicator","iOS Home Indicator, иос хоум, иос индикатор, system, системный, ios, иос, индикатор, indicator, home, дом","https://www.figma.com/file/7V4UQ61IVRxGArYZ20n7MH?node-id=1871%3A1","App Components"
"Splash Screen My MTS 2.0","Splash Screen My MTS 2.0, сплеш скрин, splashscreen, заставка, loading, загрузка, logo, логотип, brand, бренд, mts, мтс, app, приложение, start, старт, launch, запуск","https://www.figma.com/file/7V4UQ61IVRxGArYZ20n7MH?node-id=112789%3A471624","App Components"
"Splash Screen 2.0","Splash Screen, сплеш скрин, splashscreen, заставка, loading, загрузка, logo, логотип, brand, бренд, mts, мтс, app, приложение, start, старт, launch, запуск, granat, гранат","https://www.figma.com/file/7V4UQ61IVRxGArYZ20n7MH?node-id=112789%3A471844","App Components"
"Icon Button Set Carousel 2.0 ","button, кнопка, icon, иконка, group, группа, set, набор, choice, выбор, selector, селектор, carousel, карусель","https://www.figma.com/file/7V4UQ61IVRxGArYZ20n7MH?node-id=116237%3A480028","App Components"
"Icon Button Set Medium 2.0 ","button, кнопка, icon, иконка, group, группа, set, набор, choice, выбор, selector, селектор","https://www.figma.com/file/7V4UQ61IVRxGArYZ20n7MH?node-id=116237%3A479994","App Components"
"Icon Button Set Blur Carousel 2.0","button, кнопка, icon, иконка, group, группа, set, набор, choice, выбор, selector, селектор, blur, размытый","https://www.figma.com/file/7V4UQ61IVRxGArYZ20n7MH?node-id=116237%3A480141","App Components"
"Icon Button Set Large 2.0","button, кнопка, icon, иконка, group, группа, set, набор, choice, выбор, selector, селектор","https://www.figma.com/file/7V4UQ61IVRxGArYZ20n7MH?node-id=116237%3A480011","App Components"
"Empty Screen 2.0","Empty Screen, пустой экран, emptyscreen, пустойэкран, placeholder, заглушка, state, состояние, content, контент, empty, пусто, template, шаблон, message, сообщение, illustration, иллюстрация, info, информация, guide, гайд, nocontent, нетконтента","https://www.figma.com/file/7V4UQ61IVRxGArYZ20n7MH?node-id=113392%3A319614","App Components"
"Button Price","Button Price, кнопка с ценой, прайс, баттон прайс, button, кнопка, price, цена, action, действие, cost, стоимость, purchase, покупка, buy, купить, payment, оплата, checkout, оформление","https://www.figma.com/file/7V4UQ61IVRxGArYZ20n7MH?node-id=74239%3A453124","App Components"
"Segmented Control 5","Segmented Control, сегментед контрол, segmented, сегментированный, control, контрол, toggle, переключатель, switch, переключение, tab, вкладка, selector, селектор, choice, выбор, option, опция, filter, фильтр, tabs, табы, radio, радио","https://www.figma.com/file/7V4UQ61IVRxGArYZ20n7MH?node-id=176609%3A11069","App Components"
"Button Custom","button, кнопка, action, действие, кастом","https://www.figma.com/file/7V4UQ61IVRxGArYZ20n7MH?node-id=250003%3A86719","App Components"
"Segmented Control Small 2","Segmented Control, сегментед контрол, segmented, сегментированный, control, контрол, toggle, переключатель, switch, переключение, tab, вкладка, selector, селектор, choice, выбор, option, опция, filter, фильтр, tabs, табы, radio, радио","https://www.figma.com/file/7V4UQ61IVRxGArYZ20n7MH?node-id=176609%3A11304","App Components"
"Choice Chip Uniselect","Choice Chip Uniselect, чип униселект, chip, чип, choice, выбор, toggle, переключатель, selector, селектор, option, опция, filter, фильтр, icon, иконка, emblem, эмблема, graphic, графика, custom, кастомный, multiselect, множественныйвыбор, uniselect, универсальныйвыбор, singleselect, одиночный выбор","https://www.figma.com/file/7V4UQ61IVRxGArYZ20n7MH?node-id=197255%3A7147","App Components"
"Choice Chip Multiselect Menu","Choice Chip Multiselect Menu, чип мультивыбор, чип мультиселект, chip, чип, multiselect, множественныйвыбор, toggle, переключатель, checkbox, чекбокс, selector, селектор, option, опция, filter, фильтр, multiple, несколько, меню","https://www.figma.com/file/7V4UQ61IVRxGArYZ20n7MH?node-id=114202%3A477954","App Components"
"Segmented Control 2","Segmented Control, сегментед контрол, segmented, сегментированный, control, контрол, tab, вкладка, selector, селектор, choice, выбор, option, опция, filter, фильтр, tabs, табы, radio, радио","https://www.figma.com/file/7V4UQ61IVRxGArYZ20n7MH?node-id=176609%3A10800","App Components"
"Textarea","инпут, textarea, текстовоеполе, input, ввод, text, текст, form, форма, multiline, многострочный, message, сообщение, comment, комментарий","https://www.figma.com/file/7V4UQ61IVRxGArYZ20n7MH?node-id=81211%3A301880","App Components"
"Form Chip","Form Chip, чип форма, chip, чип, form, форма, multiselect, множественныйвыбор, dropdown, выпадающийсписок, select, выбор, option, опция, filter, фильтр, tag, тег","https://www.figma.com/file/7V4UQ61IVRxGArYZ20n7MH?node-id=114202%3A484313","App Components"
"Choice Chip Multiselect","Choice Chip Multiselect, чип мультивыбор, чип мультиселект, chip, чип, multiselect, множественныйвыбор, toggle, переключатель, checkbox, чекбокс, selector, селектор, option, опция, filter, фильтр, multiple, несколько","https://www.figma.com/file/7V4UQ61IVRxGArYZ20n7MH?node-id=114202%3A478011","App Components"
"App Icon","App icon, апп икон, icon, иконка, app, приложение, mobile, мобильный, brand, бренд","https://www.figma.com/file/7V4UQ61IVRxGArYZ20n7MH?node-id=1324%3A240","App Components"
"Segmented Control Small 4","Segmented Control, сегментед контрол, segmented, сегментированный, control, контрол, toggle, переключатель, switch, переключение, tab, вкладка, selector, селектор, choice, выбор, option, опция, filter, фильтр, tabs, табы, radio, радио","https://www.figma.com/file/7V4UQ61IVRxGArYZ20n7MH?node-id=176609%3A11424","App Components"
"Tabs Stroke","Tabs Stroke, табс строк, tabs, вкладки, navigation, навигация, selector, селектор, line, линия, underline, подчеркивание, switch, переключение, group, группа","https://www.figma.com/file/7V4UQ61IVRxGArYZ20n7MH?node-id=5666%3A64301","App Components"
"Pagination Dots Clip Alternative","Pagination Dots Clip Alternative, пагинация альтернативная, пагинация чип, pagination, пагинация, dots, точки, indicator, индикатор, navigation, навигация, slider, слайдер, swipe, свайп","https://www.figma.com/file/7V4UQ61IVRxGArYZ20n7MH?node-id=250546%3A9040","App Components"
"Search Bar","Search Bar, серч бар, search, поиск, bar, строка, input, ввод, find, найти, query, запрос","https://www.figma.com/file/7V4UQ61IVRxGArYZ20n7MH?node-id=1324%3A1429","App Components"
"Tooltip Custom","указатель, tooltip, подсказка, hint, совет, help, помощь, info, информация, popup, всплывашка, guide, гайд, description, описание, tip, custom, кастомный","https://www.figma.com/file/7V4UQ61IVRxGArYZ20n7MH?node-id=250736%3A10849","App Components"
"Write Bar Panel","Write Bar Panel, бар панель, bar panel, writebar, панельввода, message, сообщение, input, ввод, text, текст, keyboard, клавиатура, state, состояние, focus, фокус, bottom, низ, panel, панель, chat, чат","https://www.figma.com/file/7V4UQ61IVRxGArYZ20n7MH?node-id=14332%3A1596","App Components"
"Stories View","Stories View, сторис вью, stories, сторис, carousel, карусель, fullscreen, полныйэкран, content, контент, immersion, погружение, block, блок, media, медиа, visual, визуал","https://www.figma.com/file/7V4UQ61IVRxGArYZ20n7MH?node-id=12248%3A1778","App Components"
"Dropdown","dropdown, выпадающийсписок, select, выбор, menu, меню, list, список, option, опция, filter, фильтр, form, форма","https://www.figma.com/file/7V4UQ61IVRxGArYZ20n7MH?node-id=80910%3A302039","App Components"
"Tooltip","tooltip, подсказка, hint, совет, help, помощь, info, информация, popup, всплывашка, guide, гайд, description, описание, tip, тултипы, указатель","https://www.figma.com/file/7V4UQ61IVRxGArYZ20n7MH?node-id=1923%3A126","App Components"
"Passcode New Code","Passcode New Code, пасс код, пин код, passcode, пароль, auth, аутентификация, security, безопасность, pin, пинкод, lock, блокировка, protection, защита, access, доступ, verification, проверка","https://www.figma.com/file/7V4UQ61IVRxGArYZ20n7MH?node-id=125563%3A4324","App Components"
"Segmented Control 3","Segmented Control, сегментед контрол, segmented, сегментированный, control, контрол, toggle, переключатель, switch, переключение, tab, вкладка, selector, селектор, choice, выбор, option, опция, filter, фильтр, tabs, табы, radio, радио","https://www.figma.com/file/7V4UQ61IVRxGArYZ20n7MH?node-id=176609%3A10837","App Components"
"Segmented Control 4","Segmented Control, сегментед контрол, segmented, сегментированный, control, контрол, toggle, переключатель, switch, переключение, tab, вкладка, selector, селектор, choice, выбор, option, опция, filter, фильтр, tabs, табы, radio, радио","https://www.figma.com/file/7V4UQ61IVRxGArYZ20n7MH?node-id=176609%3A10920","App Components"
"Slider Alternative","Slider Alternative, слайдер альтернативный, Range, рейндж, ползунок, slider, слайдер, adjust, регулировка","https://www.figma.com/file/7V4UQ61IVRxGArYZ20n7MH?node-id=171980%3A2352","App Components"
"Radio Button","Radio Button радио кнопка, radio, радио, button, кнопка, select, выбор, option, опция, choice, exclusive, исключающий, singleselect, одиночный выбор","https://www.figma.com/file/7V4UQ61IVRxGArYZ20n7MH?node-id=1462%3A35","App Components"
"Bulleted List","Bulleted List, буллет лист, булет, булеты, list, список, bullet, маркер, unordered, немаркированный, items, пункт","https://www.figma.com/file/7V4UQ61IVRxGArYZ20n7MH?node-id=45565%3A421999","App Components"
"Choice Chip Multiselect Menu w Graphic","Choice Chip Multiselect Menu w Graphic, чип мультивыбор, чип мультиселект, chip, чип, multiselect, множественныйвыбор, toggle, переключатель, checkbox, чекбокс, selector, селектор, option, опция, filter, фильтр, multiple, несколько, меню","https://www.figma.com/file/7V4UQ61IVRxGArYZ20n7MH?node-id=197223%3A9731","App Components"
"iOS Alert","iOS Alert, , иос алерт alert, алерт, ios, айос, notification, уведомление, popup, всплывашка, message, сообщение, warning, предупреждение, error, ошибка, confirm, подтверждение, action, действие, dialog, диалог, attention, внимание, system, системный","https://www.figma.com/file/7V4UQ61IVRxGArYZ20n7MH?node-id=3253%3A328","App Components"
"Tab Bar 2.0","Tab Bar, таб бар, tabbar, таббар, navigation, навигация, bottom, низ, menu, меню, tabs, вкладки, bar, панель, switch, переключение","https://www.figma.com/file/7V4UQ61IVRxGArYZ20n7MH?node-id=99326%3A322698","App Components"
"Calendar Range 2.0","Calendar Range, календарь рейндж, calendar, календарь, daterange, диапазон, period, период, picker, выбор, schedule, расписание, booking, бронирование, days, дни","https://www.figma.com/file/7V4UQ61IVRxGArYZ20n7MH?node-id=117529%3A484596","App Components"
"Choice Chip ","чип выбора, chip, чип, choice, выбор, toggle, переключатель, radio, радио, selector, селектор, option, опция, filter, фильтр","https://www.figma.com/file/7V4UQ61IVRxGArYZ20n7MH?node-id=114202%3A473275","App Components"
"Snackbar","snackbar, всплывашка, notification, уведомление, alert, оповещение, message, сообщение, temporary, временное, feedback, фидбек, action, действие, status, статус, снекбар, тост, toast","https://www.figma.com/file/7V4UQ61IVRxGArYZ20n7MH?node-id=260422%3A10810","App Components"
"Checkbox","checkbox, чекбокс, option, опция, select, выбор, контрол, agree, согласие, confirm, подтверждение, мультиселект, multiselect, множественный выбор, галочка","https://www.figma.com/file/7V4UQ61IVRxGArYZ20n7MH?node-id=1462%3A55","App Components"
"Android Notification","Android Notification, адроид пуш, notification, уведомление, android, андроид, alert, алерт, message, сообщение, popup, всплывашка, badge, бейдж, reminder, напоминание, push, пуш, event, событие, attention, внимание, status, статус, system, системный","https://www.figma.com/file/7V4UQ61IVRxGArYZ20n7MH?node-id=3253%3A24","App Components"
"Button 2.0","main button, мейн кнопка, главная кнопка, button, кнопка, action, действие","https://www.figma.com/file/7V4UQ61IVRxGArYZ20n7MH?node-id=74129%3A301247","App Components"
"Icon Button Loader","button, кнопка, icon, иконка, loader, загрузка, loading, ожидание, spinner, спиннер, progress, прогресс","https://www.figma.com/file/7V4UQ61IVRxGArYZ20n7MH?node-id=255322%3A91634","App Components"
"Segmented Control Small 3","Segmented Control, сегментед контрол, segmented, сегментированный, control, контрол, toggle, переключатель, switch, переключение, tab, вкладка, selector, селектор, choice, выбор, option, опция, filter, фильтр, tabs, табы, radio, радио","https://www.figma.com/file/7V4UQ61IVRxGArYZ20n7MH?node-id=176609%3A11341","App Components"
"Tabs Button","Tabs Button, табс баттон, кнопка табов, кнопка с табами, tabs, вкладки, button, кнопка, navigation, навигация, segment, сегмент, switch, переключение, group, группа","https://www.figma.com/file/7V4UQ61IVRxGArYZ20n7MH?node-id=48721%3A274158","App Components"
"Notification","notification, уведомление, alert, оповещение, indicator, индикатор, dot, точка, unread, непрочитано","https://www.figma.com/file/7V4UQ61IVRxGArYZ20n7MH?node-id=254059%3A49913","App Components"
"Button Hug w Indicator","Button Hug, кнопка с счетчиком, button, кнопка, counter, счетчик, count, количество, action, действие","https://www.figma.com/file/7V4UQ61IVRxGArYZ20n7MH?node-id=253709%3A3657","App Components"
"Button Loader","Button Loader, кнопка загрузки, button, кнопка, loader, загрузка, loading, ожидание, spinner, спиннер, wait","https://www.figma.com/file/7V4UQ61IVRxGArYZ20n7MH?node-id=75302%3A302366","App Components"
"Android Keyboard","keyboard, клавиатура, android, андроид, input, ввод, type, печатать, mobile, мобильный, layout, раскладка, system, системный, клава","https://www.figma.com/file/7V4UQ61IVRxGArYZ20n7MH?node-id=3251%3A664","App Components"
"Navbar 2.0 No Title/Lite","Navbar no Title, нав бар, nav bar, navbar, навбар, navigation, навигация, menu, меню, header, шапка, top, верх, bar, панель","https://www.figma.com/file/7V4UQ61IVRxGArYZ20n7MH?node-id=152868%3A162606","App Components"
"Modal Card Graphic 2.0","модалка, графика, иллюстрация, modal, модальное, card, карточка, graphic, illustration, image, изображение, visual, визуал, popup, всплывашка, message, сообщение, promo, промо, notification, уведомление","https://www.figma.com/file/7V4UQ61IVRxGArYZ20n7MH?node-id=76055%3A304568","App Components"
"Modal Page 2.0","Modal Page, модалка, modal, модальное, overlay, оверлей, popup, всплывашка, attention, внимание, dialog, диалог","https://www.figma.com/file/7V4UQ61IVRxGArYZ20n7MH?node-id=107604%3A327019","App Components"
"Secondary Banner 2.0","Secondary banner, секондари баннер, вторичный баннер, banner, баннер, info, информация, notice, уведомление, feature, фича, news, новости, message, сообщение, secondary, вторичный, card, карточка","https://www.figma.com/file/7V4UQ61IVRxGArYZ20n7MH?node-id=107604%3A648494","App Components"
"Navbar 2.0 Title Action/Complete","navbar, навбар, navigation, навигация, menu, меню, header, шапка, top, верх, bar, панель, tabs, табы","https://www.figma.com/file/7V4UQ61IVRxGArYZ20n7MH?node-id=152868%3A162685","App Components"
"Navbar 2.0 Center Title/Lite","Navbar Center Title, нав бар, nav bar, navbar, навбар, navigation, навигация, menu, меню, header, шапка, top, верх, bar, панель","https://www.figma.com/file/7V4UQ61IVRxGArYZ20n7MH?node-id=152868%3A162618","App Components"
"Scroll Down Button","Scroll Down Button, скролл даун, scrolldown, прокруткавниз, button, кнопка, arrow, стрелка, bottom, низ, navigation, навигация, action, действие, chat, чат, message, сообщение","https://www.figma.com/file/7V4UQ61IVRxGArYZ20n7MH?node-id=150543%3A10083","App Components"
"Navbar 2.0 Large Title/Complete","Navbar Large Title, нав бар, nav bar, navbar, навбар, navigation, навигация, menu, меню, header, шапка, top, верх, bar, панель, tabs, табы","https://www.figma.com/file/7V4UQ61IVRxGArYZ20n7MH?node-id=152868%3A162638","App Components"
"Button Fill w Counter","Button Fill, кнопка с счетчиком, button, кнопка, counter, счетчик, count, количество, action, действие","https://www.figma.com/file/7V4UQ61IVRxGArYZ20n7MH?node-id=253446%3A21394","App Components"
"Modal Select 2.0","Modal Select, модалка, modal, модальное, select, выбор, picker, селектор, option, опция, multiselect, множественныйвыбор, uniselect, одиночныйвыбор, list, список, form, форма, choice, interactive, интерактив, dropdown, выпадающийсписок, search, поиск","https://www.figma.com/file/7V4UQ61IVRxGArYZ20n7MH?node-id=119907%3A511913","App Components"
"Choice Chip Menu w Graphic","Choice Chip Menu w Graphic, чип с графикой, чип графика, chip, чип, choice, выбор, toggle, переключатель, radio, радио, selector, селектор, option, опция, filter, фильтр","https://www.figma.com/file/7V4UQ61IVRxGArYZ20n7MH?node-id=197255%3A8830","App Components"
"Empty Screen w Button","Empty Screen w Button, пустой экран, экран с кнопкой, emptyscreen, пустойэкран, button, кнопка, action, действие, placeholder, заглушка, state, состояние, content, контент, calltoaction, призыв, illustration, иллюстрация, guide, гайд, interactive, интерактив, nocontent, нетконтента","https://www.figma.com/file/7V4UQ61IVRxGArYZ20n7MH?node-id=113392%3A319736","App Components"
"Bottom Button 2.0","Bottom Button, нижняя кнопка, боттом батон, button, кнопка, bottom, низ, fixed, фиксированный, sticky, прилипающий, action, действие","https://www.figma.com/file/7V4UQ61IVRxGArYZ20n7MH?node-id=79975%3A303938","App Components"
"Action Sheet 2.0","Action Sheet, экшен, модалка, actionsheet, шторка, menu, меню, action, действие, list, список, choice, выбор, option, опция, modal, модальное, bottom, низ","https://www.figma.com/file/7V4UQ61IVRxGArYZ20n7MH?node-id=119362%3A37430","App Components"
"Android Alert","Android Alert, android алерт, alert, алерт, android, андроид, notification, уведомление, popup, всплывашка, message, сообщение, warning, предупреждение, error, ошибка, confirm, подтверждение, action, действие, dialog, диалог, attention, внимание, system, системный","https://www.figma.com/file/7V4UQ61IVRxGArYZ20n7MH?node-id=3253%3A291","App Components"
"Success Page 2.0","Success Page, страница успеха, успех, модалка, success, page, страница, modal, модальное, confirmation, подтверждение, action, действие, feedback, фидбек, complete, завершение, positive, позитив, result, результат, done, готово","https://www.figma.com/file/7V4UQ61IVRxGArYZ20n7MH?node-id=112642%3A317420","App Components"
"Navbar 2.0 Center Title/Complete","Navbar 2.0 Center Title, нав бар, nav bar, navbar, навбар, navigation, навигация, menu, меню, header, шапка, top, верх, bar, панель, tabs, табы","https://www.figma.com/file/7V4UQ61IVRxGArYZ20n7MH?node-id=152868%3A162675","App Components"
"Modal Card Background 2.0","Modal Card Background, модалка, модалка с фоном, фон, modal, модальное, card, карточка, graphic, графика, illustration, иллюстрация, image, изображение, visual, визуал, popup, всплывашка, message, сообщение, promo, промо, notification, уведомление","https://www.figma.com/file/7V4UQ61IVRxGArYZ20n7MH?node-id=76604%3A304900","App Components"
"Tertiary Banner 2.0","Tertiary banner, третичный баннер, banner, баннер, info, информация, notice, уведомление, message, сообщение, tertiary, третичный, static, статичный, unclosable, незакрываемый","https://www.figma.com/file/7V4UQ61IVRxGArYZ20n7MH?node-id=107604%3A648580","App Components"
"Range 2.0.1","Range, рейндж, ползунок, slider, слайдер, range, диапазон, input, ввод, adjust, регулировка, selector, селектор","https://www.figma.com/file/7V4UQ61IVRxGArYZ20n7MH?node-id=212341%3A6401","App Components"
"Android Navigation","Android Navigation, адроид навигация, navigation, навигация, android, андроид, bar, панель, bottom, низ, back, назад, home, домой, recent, недавние, gesture, жест, ui, интерфейс, control, управление, system, системный","https://www.figma.com/file/7V4UQ61IVRxGArYZ20n7MH?node-id=1871%3A3","App Components"
"Navbar 2.0 No Title/Complete","Navbar no Title, нав бар, nav bar, navbar, навбар, navigation, навигация, menu, меню, header, шапка, top, верх, bar, панель, tabs, табы","https://www.figma.com/file/7V4UQ61IVRxGArYZ20n7MH?node-id=152868%3A162631","App Components"
"Avatar 2.0.1","avatar, ава, user, аватар, аватарка, юзер, profile, профиль","https://www.figma.com/file/7V4UQ61IVRxGArYZ20n7MH?node-id=186879%3A5187","App Components"
"Slider 2.0.1","Range, рейндж, ползунок, slider, слайдер, input, ввод, value, значение, adjust, регулировка, selector, селектор","https://www.figma.com/file/7V4UQ61IVRxGArYZ20n7MH?node-id=212341%3A6216","App Components"
"Modal Card 2.0","Modal Card, модал кард, модалка, modal, модальное, card, карточка, dialog, диалог, popup, всплывашка, alert, оповещение, interrupt, прерывание, action, действие, attention, внимание","https://www.figma.com/file/7V4UQ61IVRxGArYZ20n7MH?node-id=76047%3A305085","App Components"
"Primary Banner 2.0","primay banner, праймари баннер, главный баннер, banner, баннер, info, информация, notice, feature, фича, news, новости, alert, оповещение","https://www.figma.com/file/7V4UQ61IVRxGArYZ20n7MH?node-id=107604%3A648609","App Components"
"Navbar 2.0 Large Title/Lite","Navbar Large Title, нав бар, nav bar, navbar, навбар, navigation, навигация, menu, меню, header, шапка, top, верх, bar, панель","https://www.figma.com/file/7V4UQ61IVRxGArYZ20n7MH?node-id=152868%3A162611","App Components"
"Segmented Control Small 5","Segmented Control, сегментед контрол, segmented, сегментированный, control, контрол, toggle, переключатель, switch, переключение, tab, вкладка, selector, селектор, choice, выбор, option, опция, filter, фильтр, tabs, табы, radio, радио","https://www.figma.com/file/7V4UQ61IVRxGArYZ20n7MH?node-id=176609%3A11573","App Components"
"Navbar 2.0 Title Action/Lite","navbar, навбар, navigation, навигация, menu, меню, header, шапка, top, верх, bar, панель","https://www.figma.com/file/7V4UQ61IVRxGArYZ20n7MH?node-id=152868%3A162626","App Components"
"Spinner","spinner, спиннер, loading, загрузка, progress, прогресс, wait, ожидание, indicator, индикатор, process, процесс, circle, круг, animation, анимация, rotate, вращение, крутилка, preloader, прелодер","https://www.figma.com/file/7V4UQ61IVRxGArYZ20n7MH?node-id=106350%3A345413","App Components"
"Checkbox w Text","checkbox, чекбокс, text, текст, option, опция, select, выбор, form, форма, agree, согласие, confirm, подтверждение","https://www.figma.com/file/7V4UQ61IVRxGArYZ20n7MH?node-id=177215%3A13261","App Components"
"Incoming","incoming, входящие, message, сообщение, chat, чат, bubble, бабл","https://www.figma.com/file/7V4UQ61IVRxGArYZ20n7MH?node-id=14332%3A402","App Components"
"Modal Select w Search 2.0","Modal Select w Search, модалка с поиском, поиск, ипнут, модалка, modal, модальное, select, выбор, picker, селектор, option, опция, multiselect, множественныйвыбор, uniselect, одиночныйвыбор, list, список, form, форма, choice, interactive, интерактив, dropdown, выпадающийсписок, чипсы, chips","https://www.figma.com/file/7V4UQ61IVRxGArYZ20n7MH?node-id=119907%3A511902","App Components"
"Pagination Dots","Pagination Dots, точки, pagination, пагинация, dots, indicator, индикатор, navigation, навигация, slider, слайдер, swipe, свайп","https://www.figma.com/file/7V4UQ61IVRxGArYZ20n7MH?node-id=107851%3A615392","App Components"
"Pagination Dots Clip","pagination dots clip, dots pagination clip, clip pagination dots, pagination clip, точки пагинации clip, clip точки, navigation dots clip, навигационные точки clip, carousel dots clip, точки карусели clip, slider navigation clip, слайдер навигация clip, page indicator clip, индикатор страниц clip","https://www.figma.com/file/oZGlxnWyOHTAgG6cyLkNJh?node-id=159842%3A4775","Web Components Molecules 2.0"
"Status Badge","Status badge, статус бейдж, badge, бейдж, status, статус, state, состояние, indicator, индикатор, label, лейбл","https://www.figma.com/file/oZGlxnWyOHTAgG6cyLkNJh?node-id=195373%3A20935","Web Components Molecules 2.0"
"Store Button","google play button, google play, button, кнопка, android, download, скачать, приложение, store, магазин, mobile, мобильное, гуглплей, googleplay","https://www.figma.com/file/oZGlxnWyOHTAgG6cyLkNJh?node-id=188816%3A12460","Web Components Molecules 2.0"
"Pagination Dots Alternative","pagination dots alternative, alternative pagination dots, dots pagination alternative, pagination alternative, точки пагинации альтернативные, альтернативные точки, navigation dots alternative, навигационные точки альтернативные, carousel dots alternative, точки карусели альтернативные, slider navigation alternative, альтернативная навигация слайдера, page indicator alternative, индикатор страниц альтернативный","https://www.figma.com/file/oZGlxnWyOHTAgG6cyLkNJh?node-id=159924%3A11121","Web Components Molecules 2.0"
"Counter","счетчик индикатор, count Indictaor, counter, счетчик, count, количество, badge, бейдж, indicator, индикатор, notification, уведомление","https://www.figma.com/file/oZGlxnWyOHTAgG6cyLkNJh?node-id=83553%3A426005","Web Components Molecules 2.0"
"Notification","notification, уведомление, alert, оповещение, indicator, индикатор, dot, точка, unread, непрочитано","https://www.figma.com/file/oZGlxnWyOHTAgG6cyLkNJh?node-id=83553%3A425983","Web Components Molecules 2.0"
"Choice Chip Menu w Graphic","choice chip menu w graphic, chip menu graphic, graphic chip menu, выбор чип меню с графикой, чип меню с графикой, выбор, чип, меню, graphic, графика, toggle chip menu, тоггл чип меню, selection chip menu, чип для выбора в меню, option chip menu, чип опция меню, single selection, одиночный выбор","https://www.figma.com/file/oZGlxnWyOHTAgG6cyLkNJh?node-id=281765%3A6303","Web Components Molecules 2.0"
"Choice Chip","choice chip, chip, выбор, чип, choice, выбор чип, toggle chip, тоггл чип, selection chip, чип для выбора, option chip, чип опция, single selection, одиночный выбор, button chip, кнопка чип","https://www.figma.com/file/oZGlxnWyOHTAgG6cyLkNJh?node-id=138575%3A672605","Web Components Molecules 2.0"
"Checkbox","checkbox, чекбокс, галочка, флажок, checkbox component, компонент чекбокс, input, форма, выбор, toggle, переключатель","https://www.figma.com/file/oZGlxnWyOHTAgG6cyLkNJh?node-id=136776%3A448096","Web Components Molecules 2.0"
"Dropdown Autocomplete","dropdown autocomplete, autocomplete, dropdown, выбор, выпадающий список, поле ввода, input field, выбор с вводом, searchable dropdown, поисковый список, select, select field, поле выбора, suggestions, подсказки, typing selection, выбор с набором текста","https://www.figma.com/file/oZGlxnWyOHTAgG6cyLkNJh?node-id=141680%3A12222","Web Components Molecules 2.0"
"Avatar","avatar, ава, user, аватар, аватарка, юзер, profile, профиль","https://www.figma.com/file/oZGlxnWyOHTAgG6cyLkNJh?node-id=136118%3A458226","Web Components Molecules 2.0"
"Store Button","google play button, google play, button, кнопка, android, download, скачать, приложение, store, магазин, mobile, мобильное, гуглплей, googleplay","https://www.figma.com/file/oZGlxnWyOHTAgG6cyLkNJh?node-id=188816%3A12442","Web Components Molecules 2.0"
"Pagination Dots Clip Alternative","pagination dots clip alternative, clip alternative pagination dots, alternative pagination dots clip, pagination alternative clip, точки пагинации clip альтернативные, альтернативные точки clip, navigation dots clip alternative, навигационные точки clip альтернативные, carousel dots clip alternative, точки карусели clip альтернативные, slider navigation clip alternative, альтернативная навигация слайдера clip, page indicator clip alternative, индикатор страниц clip альтернативный","https://www.figma.com/file/oZGlxnWyOHTAgG6cyLkNJh?node-id=159924%3A10796","Web Components Molecules 2.0"
"Store Button","app bazar button, app bazar, button, кнопка, download, скачать, приложение, store, магазин, mobile, мобильное, эппбазар, appbazar","https://www.figma.com/file/oZGlxnWyOHTAgG6cyLkNJh?node-id=188816%3A12514","Web Components Molecules 2.0"
"Store Button","app store button, app store, button, кнопка, appstore, apple, ios, download, скачать, приложение, store, магазин, mobile, мобильное, эплстор, applestore","https://www.figma.com/file/oZGlxnWyOHTAgG6cyLkNJh?node-id=188816%3A12418","Web Components Molecules 2.0"
"Icon Button w Indicator","icon button w indicator, icon, button, indicator, иконка, кнопка, индикатор, icon button indicator, button with indicator, иконка с индикатором, status, статус, progress, прогресс, badge, бейдж","https://www.figma.com/file/oZGlxnWyOHTAgG6cyLkNJh?node-id=279787%3A107964","Web Components Molecules 2.0"
"Store Button","app store button, app store, button, кнопка, appstore, apple, ios, download, скачать, приложение, store, магазин, mobile, мобильное, эплстор, applestore","https://www.figma.com/file/oZGlxnWyOHTAgG6cyLkNJh?node-id=188816%3A12406","Web Components Molecules 2.0"
"Store Button","google play button, google play, button, кнопка, android, download, скачать, приложение, store, магазин, mobile, мобильное, гуглплей, googleplay","https://www.figma.com/file/oZGlxnWyOHTAgG6cyLkNJh?node-id=188816%3A12436","Web Components Molecules 2.0"
"Store Button","app gallery button, app gallery, button, кнопка, huawei, download, скачать, приложение, store, магазин, mobile, мобильное, эппгалери, appgallery","https://www.figma.com/file/oZGlxnWyOHTAgG6cyLkNJh?node-id=188816%3A12496","Web Components Molecules 2.0"
"Store Button","app gallery button, app gallery, button, кнопка, huawei, download, скачать, приложение, store, магазин, mobile, мобильное, эппгалери, appgallery","https://www.figma.com/file/oZGlxnWyOHTAgG6cyLkNJh?node-id=188816%3A12478","Web Components Molecules 2.0"
"Store Button","google play button, google play, button, кнопка, android, download, скачать, приложение, store, магазин, mobile, мобильное, гуглплей, googleplay","https://www.figma.com/file/oZGlxnWyOHTAgG6cyLkNJh?node-id=188816%3A12448","Web Components Molecules 2.0"
"Store Button","app bazar button, app bazar, button, кнопка, download, скачать, приложение, store, магазин, mobile, мобильное, эппбазар, appbazar","https://www.figma.com/file/oZGlxnWyOHTAgG6cyLkNJh?node-id=188816%3A12502","Web Components Molecules 2.0"
"Store Button","app gallery button, app gallery, button, кнопка, huawei, download, скачать, приложение, store, магазин, mobile, мобильное, эппгалери, appgallery","https://www.figma.com/file/oZGlxnWyOHTAgG6cyLkNJh?node-id=188816%3A12472","Web Components Molecules 2.0"
"Store Button","app store button, app store, button, кнопка, appstore, apple, ios, download, скачать, приложение, store, магазин, mobile, мобильное, эплстор, applestore","https://www.figma.com/file/oZGlxnWyOHTAgG6cyLkNJh?node-id=188816%3A12394","Web Components Molecules 2.0"
"Store Button","app bazar button, app bazar, button, кнопка, download, скачать, приложение, store, магазин, mobile, мобильное, эппбазар, appbazar","https://www.figma.com/file/oZGlxnWyOHTAgG6cyLkNJh?node-id=188816%3A12520","Web Components Molecules 2.0"
"Store Button","app gallery button, app gallery, button, кнопка, huawei, download, скачать, приложение, store, магазин, mobile, мобильное, эппгалери, appgallery","https://www.figma.com/file/oZGlxnWyOHTAgG6cyLkNJh?node-id=188816%3A12484","Web Components Molecules 2.0"
"Store Button","app store button, app store, button, кнопка, appstore, apple, ios, download, скачать, приложение, store, магазин, mobile, мобильное, эплстор, applestore","https://www.figma.com/file/oZGlxnWyOHTAgG6cyLkNJh?node-id=188816%3A12424","Web Components Molecules 2.0"
"Store Button","google play button, google play, button, кнопка, android, download, скачать, приложение, store, магазин, mobile, мобильное, гуглплей, googleplay","https://www.figma.com/file/oZGlxnWyOHTAgG6cyLkNJh?node-id=188816%3A12430","Web Components Molecules 2.0"
"Store Button","app store button, app store, button, кнопка, appstore, apple, ios, download, скачать, приложение, store, магазин, mobile, мобильное, эплстор, applestore","https://www.figma.com/file/oZGlxnWyOHTAgG6cyLkNJh?node-id=188816%3A12412","Web Components Molecules 2.0"
"Store Button","app bazar button, app bazar, button, кнопка, download, скачать, приложение, store, магазин, mobile, мобильное, эппбазар, appbazar","https://www.figma.com/file/oZGlxnWyOHTAgG6cyLkNJh?node-id=188816%3A12508","Web Components Molecules 2.0"
"Store Button","app store button, app store, button, кнопка, appstore, apple, ios, download, скачать, приложение, store, магазин, mobile, мобильное, эплстор, applestore","https://www.figma.com/file/oZGlxnWyOHTAgG6cyLkNJh?node-id=188816%3A12400","Web Components Molecules 2.0"
"Store Button","app bazar button, app bazar, button, кнопка, download, скачать, приложение, store, магазин, mobile, мобильное, эппбазар, appbazar","https://www.figma.com/file/oZGlxnWyOHTAgG6cyLkNJh?node-id=188816%3A12526","Web Components Molecules 2.0"
"Input Code","input code, code input, otp input, one time password, поле ввода кода, код, ввод кода, otp, пароль одноразовый, verification code, код подтверждения, security code, секретный код, text input, текстовое поле","https://www.figma.com/file/oZGlxnWyOHTAgG6cyLkNJh?node-id=231423%3A25792","Web Components Molecules 2.0"
"Store Button","google play button, google play, button, кнопка, android, download, скачать, приложение, store, магазин, mobile, мобильное, гуглплей, googleplay","https://www.figma.com/file/oZGlxnWyOHTAgG6cyLkNJh?node-id=188816%3A12454","Web Components Molecules 2.0"
"Store Button","app gallery button, app gallery, button, кнопка, huawei, download, скачать, приложение, store, магазин, mobile, мобильное, эппгалери, appgallery","https://www.figma.com/file/oZGlxnWyOHTAgG6cyLkNJh?node-id=188816%3A12466","Web Components Molecules 2.0"
"Store Button","app gallery button, app gallery, button, кнопка, huawei, download, скачать, приложение, store, магазин, mobile, мобильное, эппгалери, appgallery","https://www.figma.com/file/oZGlxnWyOHTAgG6cyLkNJh?node-id=188816%3A12490","Web Components Molecules 2.0"
"Store Button","app bazar button, app bazar, button, кнопка, download, скачать, приложение, store, магазин, mobile, мобильное, эппбазар, appbazar","https://www.figma.com/file/oZGlxnWyOHTAgG6cyLkNJh?node-id=188816%3A12532","Web Components Molecules 2.0"
"Button Hug w Indicator","button hug w indicator, button, hug, indicator, кнопка, hug кнопка, индикатор, indicator button, button with indicator, кнопка с индикатором, status, статус, progress, прогресс, badge, бейдж","https://www.figma.com/file/oZGlxnWyOHTAgG6cyLkNJh?node-id=279751%3A13395","Web Components Molecules 2.0"
"List Checkbox","list checkbox, checkbox list, список чекбоксов, список с галочками, list, checkbox, чекбокс, галочка, флажок, выбор из списка, toggle, переключатель, multiple selection, множественный выбор","https://www.figma.com/file/oZGlxnWyOHTAgG6cyLkNJh?node-id=284776%3A452326","Web Components Molecules 2.0"
"Browser Frame","browser frame, браузер фрейм, браузер, окно браузера, browser window, browser ui, браузер ui, frame, рамка, web frame, веб фрейм, tab bar, панель вкладок, navigation bar, панель навигации","https://www.figma.com/file/oZGlxnWyOHTAgG6cyLkNJh?node-id=227262%3A7115","Web Components Molecules 2.0"
"Card Background","card background, card bg, background, карточка, фон, background card, card guide, гайд карточки, скругление, border radius, цвета, colors, padding, отступы, spacing, ui, ux, component guide, гайд компонент, card style, стиль карточки","https://www.figma.com/file/oZGlxnWyOHTAgG6cyLkNJh?node-id=138588%3A676888","Web Components Molecules 2.0"
"Icon Button Loader","icon button loader, loader icon button, icon loader button, кнопка с иконкой и лоадером, иконка с загрузкой, иконка кнопка загрузка, loading icon button, icon button loading, icon loader, loader, loading, загрузка, прелоадер, индикатор загрузки, spinner, спиннер, ожидание, progress","https://www.figma.com/file/oZGlxnWyOHTAgG6cyLkNJh?node-id=225103%3A8799","Web Components Molecules 2.0"
"Button Loader","button loader, loader button, кнопка с лоадером, кнопка загрузка, кнопка ожидание, кнопка процесс, loading button, button loading, loader, loading, загрузка, прелоадер, индикатор загрузки, spinner, спиннер, progress, ожидание","https://www.figma.com/file/oZGlxnWyOHTAgG6cyLkNJh?node-id=241160%3A41138","Web Components Molecules 2.0"
"Button Price","button price, price button, кнопка цена, кнопка с ценой, buy button, кнопка купить, purchase button, цена, стоимость, прайс, покупка, заказ, order button, order, cart button, корзина, оплата","https://www.figma.com/file/oZGlxnWyOHTAgG6cyLkNJh?node-id=136298%3A447954","Web Components Molecules 2.0"
"Tooltip Custom","tooltip, подсказка, hint, tooltip text, текст подсказки, info tooltip, информационная подсказка, hover tooltip, подсказка при наведении, tooltip component, компонент подсказки, popup, всплывающее окно","https://www.figma.com/file/oZGlxnWyOHTAgG6cyLkNJh?node-id=232087%3A53001","Web Components Molecules 2.0"
"Badge","badge, бейдж, tag, тег, label, лейбл, status, статус, mark, метка","https://www.figma.com/file/oZGlxnWyOHTAgG6cyLkNJh?node-id=92298%3A431226","Web Components Molecules 2.0"
"Progress Circle","progress circle, circle progress, circular progress, progress indicator, индикатор прогресса, круг прогресса, прогресс, progress, task progress, прогресс задачи, loading circle, круг загрузки, status indicator, индикатор состояния","https://www.figma.com/file/oZGlxnWyOHTAgG6cyLkNJh?node-id=140423%3A820292","Web Components Molecules 2.0"
"Toast","toast, toast notification, уведомление, тост, alert, оповещение, message, сообщение, popup, всплывающее окно, notification, уведомление системы, feedback, обратная связь","https://www.figma.com/file/oZGlxnWyOHTAgG6cyLkNJh?node-id=91959%3A431626","Web Components Molecules 2.0"
"Choice Chip Multiselect","choice chip multiselect, chip multiselect, multiselect chip, выбор чип множественный, чип множественный, выбор, чип, toggle chip, тоггл чип, selection chip, чип для выбора, option chip, чип опция, multiple selection, множественный выбор","https://www.figma.com/file/oZGlxnWyOHTAgG6cyLkNJh?node-id=140600%3A754248","Web Components Molecules 2.0"
"Choice Chip Multiselect Menu","choice chip multiselect menu, chip multiselect menu, multiselect chip menu, выбор чип множественный меню, чип множественный меню, выбор, чип, меню, toggle chip menu, тоггл чип меню, selection chip menu, чип для выбора в меню, option chip menu, чип опция меню, multiple selection, множественный выбор","https://www.figma.com/file/oZGlxnWyOHTAgG6cyLkNJh?node-id=140600%3A754191","Web Components Molecules 2.0"
"Segmented Control 2","segmented control, control segments, сегментированный контроль, сегменты, выбор сегмента, toggle segments, тоггл сегменты, mutually exclusive, взаимоисключающий выбор, segment button, кнопка сегмента, selection segments, выбор сегментов, multi segment, мультисегмент","https://www.figma.com/file/oZGlxnWyOHTAgG6cyLkNJh?node-id=146161%3A25807","Web Components Molecules 2.0"
"Choice Chip Multiselect Menu w Graphic","choice chip multiselect menu w graphic, chip multiselect menu graphic, multiselect chip menu graphic, выбор чип множественный меню с графикой, чип множественный меню с графикой, выбор, чип, меню, graphic, графика, toggle chip menu, тоггл чип меню, selection chip menu, чип для выбора в меню, option chip menu, чип опция меню, multiple selection, множественный выбор","https://www.figma.com/file/oZGlxnWyOHTAgG6cyLkNJh?node-id=282350%3A5566","Web Components Molecules 2.0"
"Link w Icon","link w icon, icon link, ссылка с иконкой, link with icon, link, ссылка, hyperlink, url, icon, иконка, text link, текстовая ссылка, navigation link, навигационная ссылка","https://www.figma.com/file/oZGlxnWyOHTAgG6cyLkNJh?node-id=142644%3A51029","Web Components Molecules 2.0"
"Form Chip","form chip, chip form, чип форма, форма чип, чип, форма, input chip, инпут чип, selection chip, чип для выбора, option chip, чип опция, toggle chip, тоггл чип","https://www.figma.com/file/oZGlxnWyOHTAgG6cyLkNJh?node-id=141703%3A28819","Web Components Molecules 2.0"
"Link w Line","link w line, link underline, underlined link, ссылка с линией, ссылка подчеркивание, link, ссылка, hyperlink, url, underline, подчеркивание, text link, текстовая ссылка, navigation link, навигационная ссылка","https://www.figma.com/file/oZGlxnWyOHTAgG6cyLkNJh?node-id=142644%3A51150","Web Components Molecules 2.0"
"Tabs Stroke","tabs stroke, tab stroke, вкладки с линией, вкладка линия, tabs, вкладки, tab navigation, навигация вкладки, tab underline, подчеркивание вкладки, stroke, линия, tab menu, меню вкладок","https://www.figma.com/file/oZGlxnWyOHTAgG6cyLkNJh?node-id=89934%3A436933","Web Components Molecules 2.0"
"Choice Chip Uniselect","choice chip uniselect, chip uniselect, uniselect chip, выбор чип одиночный, чип одиночный, выбор, чип, toggle chip, тоггл чип, selection chip, чип для выбора, option chip, чип опция, single selection, одиночный выбор","https://www.figma.com/file/oZGlxnWyOHTAgG6cyLkNJh?node-id=282793%3A7931","Web Components Molecules 2.0"
"Tabs Button","tabs button, tab button, кнопка вкладки, вкладка кнопка, navigation tab, навигационная вкладка, tab navigation, навигация вкладки, tabs, вкладки, tab menu, меню вкладок, button, кнопка","https://www.figma.com/file/oZGlxnWyOHTAgG6cyLkNJh?node-id=89934%3A444707","Web Components Molecules 2.0"
"Choice Chip Menu","choice chip menu, chip menu, menu chip, выбор чип меню, чип меню, выбор, чип, menu, меню, toggle chip menu, тоггл чип меню, selection chip menu, чип для выбора в меню, option chip menu, чип опция меню, single selection, одиночный выбор","https://www.figma.com/file/oZGlxnWyOHTAgG6cyLkNJh?node-id=138575%3A672544","Web Components Molecules 2.0"
"Button Fill w Counter","button fill w counter, button, fill, counter, кнопка, заполненная кнопка, счетчик, counter button, кнопка со счетчиком, filled button, button with counter, иконка кнопка счетчик, counter indicator, индикатор счетчика, badge, бейдж","https://www.figma.com/file/oZGlxnWyOHTAgG6cyLkNJh?node-id=279666%3A39022","Web Components Molecules 2.0"
"Scrollbar","scrollbar, линия прокрутки, полоса прокрутки, scroll, прокрутка, droplist scrollbar, scrollbar droplist, textarea scrollbar, scrollbar textarea, scroll indicator, индикатор прокрутки, scroll track, полоса скролла","https://www.figma.com/file/oZGlxnWyOHTAgG6cyLkNJh?node-id=745%3A434","Web Components Molecules 2.0"
"Numbered List","numbered list, number list, нумерованный список, упорядоченный список, ordered list, список с числами, list item, элемент списка, text list, текстовый список, list, список","https://www.figma.com/file/oZGlxnWyOHTAgG6cyLkNJh?node-id=136365%3A448091","Web Components Molecules 2.0"
"Сard w Content","card w content, card with content, card, карточка, контент, content, card content, карточка с контентом","https://www.figma.com/file/oZGlxnWyOHTAgG6cyLkNJh?node-id=139754%3A867731","Web Components Molecules 2.0"
"Bulleted List","bulleted list, bullet list, список с буллетами, список с точками, text list, текстовый список, list, список, numbered list, нумерованный список, ordered list, упорядоченный список, unordered list, неупорядоченный список, list item, элемент списка","https://www.figma.com/file/oZGlxnWyOHTAgG6cyLkNJh?node-id=136365%3A448128","Web Components Molecules 2.0"
"Divider Vertical","divider vertical, vertical divider, разделитель вертикальный, линия раздела, divider, line, разделитель, вертикальная линия, separator, разделение, section divider, раздел раздела","https://www.figma.com/file/oZGlxnWyOHTAgG6cyLkNJh?node-id=227072%3A16708","Web Components Molecules 2.0"
"Button Custom","button custom, custom button, кнопка, настраиваемая кнопка, перекрашиваемая кнопка, button, custom, customizable, настройка, цвет, color, style, стиль, appearance, внешний вид, theme, тема, design, дизайн","https://www.figma.com/file/oZGlxnWyOHTAgG6cyLkNJh?node-id=241795%3A35752","Web Components Molecules 2.0"
"Progress Linear w Text","progress linear w text, linear progress with text, progress bar text, линейный индикатор прогресса с текстом, линейный прогресс текст, progress indicator, индикатор прогресса, progress, task progress, прогресс задачи, loading bar, полоса загрузки, status indicator, индикатор состояния, text, текст","https://www.figma.com/file/oZGlxnWyOHTAgG6cyLkNJh?node-id=140463%3A755282","Web Components Molecules 2.0"
"Switch","switch, toggle switch, переключатель, включить выключить, вкл выкл, toggle, тоггл, option switch, опция переключатель, on off switch, вкл выкл переключатель, control switch, элемент управления","https://www.figma.com/file/oZGlxnWyOHTAgG6cyLkNJh?node-id=14948%3A28","Web Components Molecules 2.0"
"Link External","link external, external link, внешняя ссылка, ссылка на другой сайт, link, ссылка, hyperlink, url, external, внешний, text link, текстовая ссылка, navigation link, навигационная ссылка","https://www.figma.com/file/oZGlxnWyOHTAgG6cyLkNJh?node-id=142808%3A12264","Web Components Molecules 2.0"
"Gosuslugi Button","gosuslugi button, button, gosuslugi, кнопка, госуслуги, госуслуга, service button, government service, госуслуга кнопка, official, официциально, portal, портал, action, действие, продолжить","https://www.figma.com/file/oZGlxnWyOHTAgG6cyLkNJh?node-id=154492%3A3890","Web Components Molecules 2.0"
"Tooltip","tooltip, подсказка, hint, tooltip text, текст подсказки, info tooltip, информационная подсказка, hover tooltip, подсказка при наведении, tooltip component, компонент подсказки, popup, всплывающее окно","https://www.figma.com/file/oZGlxnWyOHTAgG6cyLkNJh?node-id=83881%3A449816","Web Components Molecules 2.0"
"Divider Horizontal","divider vertical, vertical divider, разделитель вертикальный, линия раздела, divider, line, разделитель, вертикальная линия, separator, разделение, section divider, раздел раздела","https://www.figma.com/file/oZGlxnWyOHTAgG6cyLkNJh?node-id=546%3A4893","Web Components Molecules 2.0"
"Progress Linear","progress linear, linear progress, progress bar, линейный индикатор прогресса, линейный прогресс, progress indicator, индикатор прогресса, progress, task progress, прогресс задачи, loading bar, полоса загрузки, status indicator, индикатор состояния","https://www.figma.com/file/oZGlxnWyOHTAgG6cyLkNJh?node-id=142245%3A2297","Web Components Molecules 2.0"
"Favicon Music","favicon, иконка, иконка сайта, бренд, brand, Music, музыка, фавикон, фавиконка","https://www.figma.com/file/oZGlxnWyOHTAgG6cyLkNJh?node-id=138870%3A591029","Web Components Molecules 2.0"
"Inline Edit","inline edit, text edit, редактирование текста, inline editing, editable, редактируемый, inline, встроенное редактирование, edit field, поле редактирования","https://www.figma.com/file/oZGlxnWyOHTAgG6cyLkNJh?node-id=142762%3A14347","Web Components Molecules 2.0"
"Icon Button Set Blur Medium 2.0","icon button set blur medium, icon, button, set, blur, medium, иконка, кнопка, набор, блюр, средний, blurred icon buttons, набор иконок кнопок с блюром, средние кнопки с иконками и блюром, medium blur icon buttons, icon buttons medium blur, иконки кнопок средние, кнопки с иконками средние, blurred button set","https://www.figma.com/file/oZGlxnWyOHTAgG6cyLkNJh?node-id=141900%3A9282","Web Components Molecules 2.0"
"Slider","slider, value slider, ползунок, числовой выбор, numeric slider, slider input, input slider, manual input, ввод вручную, range slider, выбор значения, selection slider, ползунок выбора, control slider","https://www.figma.com/file/oZGlxnWyOHTAgG6cyLkNJh?node-id=142395%3A7615","Web Components Molecules 2.0"
"Attach Extra Small","attach, file attach, attachment, прикрепить, файл, прикрепление, отправка файла, upload, загрузка, send file, отправить файл, document, документ, file upload, загрузка файла, attach button, кнопка прикрепления, дропзона, дроп зона, drop zone, dropzone","https://www.figma.com/file/oZGlxnWyOHTAgG6cyLkNJh?node-id=145565%3A360516","Web Components Molecules 2.0"
"Icon Button Set Large 2.0","icon button set large, icon, button, set, large, иконка, кнопка, набор, большой, large icon buttons, набор больших иконок кнопок, крупные кнопки с иконками, icon buttons large, крупные иконки, blurred button set","https://www.figma.com/file/oZGlxnWyOHTAgG6cyLkNJh?node-id=141758%3A6432","Web Components Molecules 2.0"
"Icon Button Set Blur Large 2.0","icon button set blur large, icon, button, set, blur, large, иконка, кнопка, набор, блюр, большой, blurred icon buttons, набор иконок кнопок с блюром, крупные кнопки с иконками и блюром, large blur icon buttons, icon buttons large blur, иконки кнопок большие, кнопки с иконками большие, blurred button set","https://www.figma.com/file/oZGlxnWyOHTAgG6cyLkNJh?node-id=141758%3A6376","Web Components Molecules 2.0"
"Spinner","spinner, loading spinner, круг загрузки, индикатор загрузки, loading, загрузка, progress spinner, progress indicator, индикатор прогресса, wait indicator, ожидание, data loading, загрузка данных, animation, анимация","https://www.figma.com/file/oZGlxnWyOHTAgG6cyLkNJh?node-id=137111%3A603320","Web Components Molecules 2.0"
"Attach Extra Large","attach, file attach, attachment, прикрепить, файл, прикрепление, отправка файла, upload, загрузка, send file, отправить файл, document, документ, file upload, загрузка файла, attach button, кнопка прикрепления, дропзона, дроп зона, drop zone, dropzone","https://www.figma.com/file/oZGlxnWyOHTAgG6cyLkNJh?node-id=145565%3A360672","Web Components Molecules 2.0"
"Checkbox w Text","checkbox w text, checkbox with text, чекбокс с текстом, чекбокс, галочка, флажок, выбор с текстом, toggle checkbox, тоггл чекбокс, text checkbox, текст чекбокса","https://www.figma.com/file/oZGlxnWyOHTAgG6cyLkNJh?node-id=152410%3A5902","Web Components Molecules 2.0"
"Link","link, ссылка, hyperlink, ссылка на сайт, url, ссылка url, navigation link, навигационная ссылка, external link, внешняя ссылка, internal link, внутренняя ссылка, text link, текстовая ссылка","https://www.figma.com/file/oZGlxnWyOHTAgG6cyLkNJh?node-id=142641%3A46389","Web Components Molecules 2.0"
"Droplist","droplist, dropdown list, выбор из списка, выпадающий список, select, select field, поле выбора, multi select, множественный выбор, single select, одиночный выбор, options, опции, список, list, choice list, список выбора","https://www.figma.com/file/oZGlxnWyOHTAgG6cyLkNJh?node-id=141585%3A9876","Web Components Molecules 2.0"
"Icon Button Set Alternative","icon button set alternative, alternative icon button set, альтернативный набор иконок кнопок, альтернативный сет кнопок с иконками, icon buttons alt, alt icon button set, набор иконок кнопок, набор кнопок с иконками, иконки кнопок, icon button group, группа иконок кнопок","https://www.figma.com/file/oZGlxnWyOHTAgG6cyLkNJh?node-id=141758%3A6682","Web Components Molecules 2.0"
"Icon Button Set Blur Carousel 2.0","icon button set blur carousel, icon, button, set, blur, carousel, иконка, кнопка, набор, блюр, карусель, blurred icon buttons, иконки кнопок карусели с блюром, набор кнопок с иконками и блюром, icon buttons carousel, иконки кнопки карусель, кнопки карусель блюр, carousel controls, элементы управления каруселью","https://www.figma.com/file/oZGlxnWyOHTAgG6cyLkNJh?node-id=141900%3A9256","Web Components Molecules 2.0"
"Dropdown","dropdown, выпадающий список, select, поле выбора, dropdown menu, меню выпадающее, выбор, select field, поле select, options, опции, выбор из списка","https://www.figma.com/file/oZGlxnWyOHTAgG6cyLkNJh?node-id=137632%3A697331","Web Components Molecules 2.0"
"Secondary Banner","secondary banner, секондари баннер, вторичный баннер, banner, баннер, info, информация, notice, уведомление, feature, фича, news, новости, message, сообщение, secondary, вторичный, card, карточка","https://www.figma.com/file/oZGlxnWyOHTAgG6cyLkNJh?node-id=137245%3A608475","Web Components Molecules 2.0"
"Icon Button Set Medium 2.0 ","icon button set medium, icon, button, set, medium, иконка, кнопка, набор, средний, medium icon buttons, набор средних иконок кнопок, средние кнопки с иконками, icon buttons medium, средние иконки, blurred button set","https://www.figma.com/file/oZGlxnWyOHTAgG6cyLkNJh?node-id=141758%3A6415","Web Components Molecules 2.0"
"Stepper","stepper, arrow, arrows, left arrow, right arrow, стрелка, стрелки, влево, вправо, navigation, навигация, control, элемент управления, prev, next, следующий, предыдущий, switch, переключение","https://www.figma.com/file/oZGlxnWyOHTAgG6cyLkNJh?node-id=225105%3A4194","Web Components Molecules 2.0"
"Textarea","textarea, multiline input, поле многострочного ввода, текстовое поле, ввод текста, text input, многострочный текст, user input, ввод пользователя, form field, поле формы, инпут","https://www.figma.com/file/oZGlxnWyOHTAgG6cyLkNJh?node-id=138301%3A685922","Web Components Molecules 2.0"
"Icon Button Set Carousel 2.0 ","icon button set carousel, icon, button, set, carousel, иконка, кнопка, набор, карусель, icon buttons carousel, набор иконок кнопок карусель, кнопки с иконками карусель, carousel controls, элементы управления каруселью, icon button group, группа иконок кнопок","https://www.figma.com/file/oZGlxnWyOHTAgG6cyLkNJh?node-id=141758%3A6449","Web Components Molecules 2.0"
"Radiobutton","radiobutton, radio button, кнопка радио, радиокнопка, выбор один, single select, одиночный выбор, radio, выбор, toggle, тоггл, selection, выбор опции, option, опция","https://www.figma.com/file/oZGlxnWyOHTAgG6cyLkNJh?node-id=136779%3A448968","Web Components Molecules 2.0"
"Pagination Dots","pagination dots, dots pagination, pagination, точки пагинации, точки, navigation dots, навигационные точки, carousel dots, точки карусели, slider navigation, слайдер навигация, page indicator, индикатор страниц","https://www.figma.com/file/oZGlxnWyOHTAgG6cyLkNJh?node-id=159842%3A1714","Web Components Molecules 2.0"
"Input Autocomplete","input autocomplete, autocomplete input, input field, поле ввода, автозаполнение, suggestions, подсказки, typing selection, выбор с набором текста, searchable input, поисковое поле, select input, поле выбора","https://www.figma.com/file/oZGlxnWyOHTAgG6cyLkNJh?node-id=141680%3A10024","Web Components Molecules 2.0"
"Attach","attach, file attach, attachment, прикрепить, файл, прикрепление, отправка файла, upload, загрузка, send file, отправить файл, document, документ, file upload, загрузка файла, attach button, кнопка прикрепления, дропзона, дроп зона, drop zone, dropzone","https://www.figma.com/file/oZGlxnWyOHTAgG6cyLkNJh?node-id=145565%3A360029","Web Components Molecules 2.0"
"Tertiary Banner","tertiary banner, третичный баннер, banner, баннер, info, информация, notice, уведомление, message, сообщение, tertiary, третичный, static, статичный, unclosable, незакрываемый","https://www.figma.com/file/oZGlxnWyOHTAgG6cyLkNJh?node-id=137245%3A608561","Web Components Molecules 2.0"
"Favicon Junior","favicon, иконка, иконка сайта, бренд, brand, Junior, фавикон, фавиконка","https://www.figma.com/file/oZGlxnWyOHTAgG6cyLkNJh?node-id=136672%3A447944","Web Components Molecules 2.0"
"Favicon Connect","favicon, иконка, иконка сайта, бренд, brand, Коннект, connect, фавикон, фавиконка","https://www.figma.com/file/oZGlxnWyOHTAgG6cyLkNJh?node-id=136672%3A447892","Web Components Molecules 2.0"
"Favicon MTS","favicon, иконка, иконка сайта, бренд, brand, mts, мтс, фавикон, фавиконка","https://www.figma.com/file/oZGlxnWyOHTAgG6cyLkNJh?node-id=136672%3A447887","Web Components Molecules 2.0"
"Favicon Premium","favicon, иконка, иконка сайта, бренд, brand, премиум, premium, фавикон, фавиконка","https://www.figma.com/file/oZGlxnWyOHTAgG6cyLkNJh?node-id=136672%3A447946","Web Components Molecules 2.0"
"Favicon Sotrudniki","favicon, иконка, иконка сайта, бренд, brand, Сотрудники, Sotrudniki, фавикон, фавиконка","https://www.figma.com/file/oZGlxnWyOHTAgG6cyLkNJh?node-id=138870%3A591026","Web Components Molecules 2.0"
"Favicon VATS","favicon, иконка, иконка сайта, бренд, brand, Виртуальная АТС, VATS, фавикон, фавиконка","https://www.figma.com/file/oZGlxnWyOHTAgG6cyLkNJh?node-id=138870%3A591027","Web Components Molecules 2.0"
"Favicon Insurance","favicon, иконка, иконка сайта, бренд, brand, страхование, фавикон, фавиконка","https://www.figma.com/file/oZGlxnWyOHTAgG6cyLkNJh?node-id=138870%3A591019","Web Components Molecules 2.0"
"Favicon Launcher","favicon, иконка, иконка сайта, бренд, brand, Launcher, лаунчер, фавиконка, фавикон","https://www.figma.com/file/oZGlxnWyOHTAgG6cyLkNJh?node-id=138870%3A591022","Web Components Molecules 2.0"
"Favicon Vtoraya Pamyat","favicon, иконка, иконка сайта, бренд, brand, Вторая память, Vtoraya Pamyat, фавикон, фавиконка","https://www.figma.com/file/oZGlxnWyOHTAgG6cyLkNJh?node-id=138870%3A591017","Web Components Molecules 2.0"
"Favicon Kaspersky Internet Security","favicon, иконка, иконка сайта, бренд, brand, Kaspersky Internet Security, Kaspersky, касперский, фавикон, фавиконка","https://www.figma.com/file/oZGlxnWyOHTAgG6cyLkNJh?node-id=138870%3A591024","Web Components Molecules 2.0"
"Favicon Travel","favicon, иконка, иконка сайта, бренд, brand, Тревел, Travel, фавикон, фавиконка","https://www.figma.com/file/oZGlxnWyOHTAgG6cyLkNJh?node-id=138870%3A591031","Web Components Molecules 2.0"
"Favicon Partners","favicon, иконка, иконка сайта, бренд, brand, Партнёры, partner, фавикон, фавиконка","https://www.figma.com/file/oZGlxnWyOHTAgG6cyLkNJh?node-id=138870%3A591025","Web Components Molecules 2.0"
"Favicon Live","favicon, иконка, иконка сайта, бренд, brand, Live, лайв, фавикон, фавиконка","https://www.figma.com/file/oZGlxnWyOHTAgG6cyLkNJh?node-id=136672%3A447909","Web Components Molecules 2.0"
"Favicon Kto Zvonit","favicon, иконка, иконка сайта, бренд, brand, Кто звонит, Kto Zvonit, фавиконка, фавикон","https://www.figma.com/file/oZGlxnWyOHTAgG6cyLkNJh?node-id=138870%3A591021","Web Components Molecules 2.0"
"Favicon Stroki","favicon, иконка, иконка сайта, бренд, brand, Строки, Stroki, фавикон, фавиконка","https://www.figma.com/file/oZGlxnWyOHTAgG6cyLkNJh?node-id=138870%3A591028","Web Components Molecules 2.0"
"Favicon GoodOK","favicon, иконка, иконка сайта, бренд, brand, GoodOK, гудок, фавикон, фавиконка","https://www.figma.com/file/oZGlxnWyOHTAgG6cyLkNJh?node-id=138870%3A591018","Web Components Molecules 2.0"
"Favicon Search","favicon, иконка, иконка сайта, бренд, brand, Мой поиск, my search, фавикон, фавиконка","https://www.figma.com/file/oZGlxnWyOHTAgG6cyLkNJh?node-id=138870%3A591023","Web Components Molecules 2.0"
"Favicon Smart Home","favicon, иконка, иконка сайта, бренд, brand, Умный дом, Smart Home, фавикон, фавиконка","https://www.figma.com/file/oZGlxnWyOHTAgG6cyLkNJh?node-id=138870%3A591030","Web Components Molecules 2.0"
"Favicon Invest","favicon, иконка, иконка сайта, бренд, brand, инвестиции, фавикон, фавиконка","https://www.figma.com/file/oZGlxnWyOHTAgG6cyLkNJh?node-id=138870%3A591020","Web Components Molecules 2.0"
"Favicon Bank","favicon, иконка, иконка сайта, бренд, brand, фавикон, банк, bank, фавиконка","https://www.figma.com/file/oZGlxnWyOHTAgG6cyLkNJh?node-id=138870%3A591032","Web Components Molecules 2.0"
"Modal Select","modal select, select modal, выбор в модальном окне, модальное окно выбор, modal, модальное окно, select, выбор, selection modal, модальное окно с выбором, single select, одиночный выбор, multi select, множественный выбор, dropdown modal, выпадающий список модальное, модалка","https://www.figma.com/file/oZGlxnWyOHTAgG6cyLkNJh?node-id=150112%3A28292","Web Components Molecules 2.0"
"Dropdown Chip Autocomplete","dropdown chip autocomplete, chip autocomplete, dropdown chip, autocomplete chip, выбор чип выпадающий, чип автозаполнение, chip, чип, dropdown, выпадающий список, autocomplete, автозаполнение, input field, поле ввода, select, select field, поле выбора, suggestions, подсказки, typing selection, выбор с набором текста","https://www.figma.com/file/oZGlxnWyOHTAgG6cyLkNJh?node-id=141680%3A12220","Web Components Molecules 2.0"
"Input Chip Autocomplete","input chip autocomplete, chip autocomplete, input chip, autocomplete chip, чип автозаполнение, чип ввод, input field, поле ввода, chip, чип, autocomplete, автозаполнение, suggestions, подсказки, typing selection, выбор с набором текста, select input, поле выбора","https://www.figma.com/file/oZGlxnWyOHTAgG6cyLkNJh?node-id=141680%3A10022","Web Components Molecules 2.0"
"Icon Button","button, кнопка, icon, иконка, action, действие, tap, тап, control, управление","https://www.figma.com/file/oZGlxnWyOHTAgG6cyLkNJh?node-id=74516%3A413759","Web Components Molecules 2.0"
"Input Stepper","input stepper, stepper input, stepper field, поле степпер, степпер, числовой ввод, increment, увеличить, decrement, уменьшить, counter input, поле счетчика, number input, число, plus minus input, плюс минус","https://www.figma.com/file/oZGlxnWyOHTAgG6cyLkNJh?node-id=224900%3A35834","Web Components Molecules 2.0"
"Input","input, input field, поле ввода, текстовое поле, ввод, typing, набор текста, text input, текст, user input, ввод пользователя, form input, поле формы","https://www.figma.com/file/oZGlxnWyOHTAgG6cyLkNJh?node-id=136539%3A447754","Web Components Molecules 2.0"
"Range","range, range slider, slider, ползунок, выбор диапазона, числовой диапазон, numeric range, range input, input range, manual input, ввод вручную, min max, минимум максимум, selection range, выбор значения","https://www.figma.com/file/oZGlxnWyOHTAgG6cyLkNJh?node-id=142444%3A9927","Web Components Molecules 2.0"
"Droplist w Buttons","droplist w buttons, droplist buttons, dropdown buttons, выпадающий список с кнопками, список с кнопками, droplist, dropdown, выбор из списка, select, select field, поле выбора, button, кнопка, action buttons, кнопки действий, multi select, множественный выбор, single select, одиночный выбор","https://www.figma.com/file/oZGlxnWyOHTAgG6cyLkNJh?node-id=141585%3A9872","Web Components Molecules 2.0"
"Cookie Banner","cookie banner, баннер куки, баннер cookies, cookie, куки, cookies, privacy, конфиденциальность, policy, политика, consent, согласие, notification, уведомление, notice, информация, alert, оповещение","https://www.figma.com/file/oZGlxnWyOHTAgG6cyLkNJh?node-id=285947%3A12151","Web Components Molecules 2.0"
"Button","кнопка, button","https://www.figma.com/file/oZGlxnWyOHTAgG6cyLkNJh?node-id=241073%3A10952","Web Components Molecules 2.0"
"Button","кнопка, button","https://www.figma.com/file/oZGlxnWyOHTAgG6cyLkNJh?node-id=241073%3A10942","Web Components Molecules 2.0"
"Button","main button, главная кнопка, кнопка, button","https://www.figma.com/file/oZGlxnWyOHTAgG6cyLkNJh?node-id=241073%3A10932","Web Components Molecules 2.0"
"Button","кнопка, button","https://www.figma.com/file/oZGlxnWyOHTAgG6cyLkNJh?node-id=241073%3A10947","Web Components Molecules 2.0"
"Modal Select w Search","modal select w search, select modal search, modal search select, выбор в модальном окне с поиском, модальное окно выбор поиск, modal, модальное окно, select, выбор, search, поиск, searchable select, выбор с поиском, single select, одиночный выбор, multi select, множественный выбор, dropdown modal, выпадающий список модальное, модалка","https://www.figma.com/file/oZGlxnWyOHTAgG6cyLkNJh?node-id=150121%3A50643","Web Components Molecules 2.0"
"Modal Select w Chips","modal select w search, select modal search, modal search select, выбор в модальном окне с поиском, модальное окно выбор поиск, modal, модальное окно, select, выбор, search, поиск, selection modal, модальное окно с выбором, single select, одиночный выбор, multi select, множественный выбор, dropdown modal, выпадающий список модальное, модалка","https://www.figma.com/file/oZGlxnWyOHTAgG6cyLkNJh?node-id=150144%3A17961","Web Components Molecules 2.0"
"Primary Banner","primay banner, праймари баннер, главный баннер, banner, баннер, info, информация, notice, feature, фича, news, новости, alert, оповещение","https://www.figma.com/file/oZGlxnWyOHTAgG6cyLkNJh?node-id=137245%3A608590","Web Components Molecules 2.0"
"Bottom Button","bottom button, fixed bottom button, кнопка внизу, кнопка снизу, кнопка закрепленная внизу, fixed button, sticky button, floating button, кнопка закрепленная, кнопка фиксированная, fixed bottom, bottom fixed","https://www.figma.com/file/oZGlxnWyOHTAgG6cyLkNJh?node-id=136871%3A452851","Web Components Molecules 2.0"
"Tab Bar","tab bar, bottom navigation, нижняя навигация, панель вкладок, tabs, вкладки, tab navigation, навигация вкладки, tab menu, меню вкладок, navigation bar, панель навигации","https://www.figma.com/file/oZGlxnWyOHTAgG6cyLkNJh?node-id=137416%3A625899","Web Components Molecules 2.0"
"Breadcrumb","breadcrumb, bread crumbs, breadcrumps, breadcrumbs, хлебные крошки, крошки, навигация, navigation, nav, path, путь, link, ссылка, links, ссылки, маршрут, route","https://www.figma.com/file/oZGlxnWyOHTAgG6cyLkNJh?node-id=48609%3A412863","Web Components Molecules 2.0"
"Control List","control list, list control, список элементов управления, список контроля, list, control, элемент управления, item list, элементы списка, чекбокс, checkbox","https://www.figma.com/file/oZGlxnWyOHTAgG6cyLkNJh?node-id=166035%3A20206","Web Components Molecules 2.0"
"Input Search Mobile","input search mobile, mobile search input, поиск мобильный, поле ввода поиска мобильное, search input, search field, поле поиска, typing, ввод текста, query input, поле запроса, search box, поисковое поле, mobile, мобильное","https://www.figma.com/file/oZGlxnWyOHTAgG6cyLkNJh?node-id=191591%3A26961","Web Components Molecules 2.0"
"Input Search","input search, search input, поле ввода поиска, поиск, search field, поле поиска, typing, ввод текста, query input, поле запроса, search box, поисковое поле","https://www.figma.com/file/oZGlxnWyOHTAgG6cyLkNJh?node-id=141680%3A638162","Web Components Molecules 2.0"
"Snackbar","snackbar, notification snackbar, уведомление, компонент уведомления, alert, оповещение, action snackbar, уведомление с действием, toast, тост, message, сообщение, call to action, призыв к действию","https://www.figma.com/file/oZGlxnWyOHTAgG6cyLkNJh?node-id=92172%3A435631","Web Components Molecules 2.0"